"","extreme_type","minimum","maximum","mean","count","standard_deviation"
"1","maximum",107,466,212.073394495413,109,61.6835872314596
"2","minimum",3.62,8.44,6.27411214953271,107,0.964779721922123
